Distance_(mm),Gray_Value
0.000,77.383
0.085,79.183
0.169,83.159
0.254,88.783
0.339,95.112
0.423,101.974
0.508,110.840
0.593,120.299
0.677,127.857
0.762,133.236
0.847,136.400
0.931,138.466
1.016,138.927
1.101,138.200
1.185,136.039
1.270,132.044
1.355,126.654
1.439,120.839
1.524,117.724
1.609,115.936
1.693,115.155
1.778,114.771
1.863,114.336
1.947,113.994
2.032,113.805
2.117,113.843
2.201,113.857
2.286,113.976
2.371,113.982
2.455,114.093
2.540,113.979
2.625,114.025
2.709,113.830
2.794,113.669
2.879,113.431
2.963,113.581
3.048,113.658
3.133,113.827
3.217,113.803
3.302,113.690
3.387,113.543
3.471,113.540
3.556,113.565
3.641,113.316
3.725,113.453
3.810,113.384
3.895,113.253
3.979,113.202
4.064,113.304
4.149,113.165
4.233,113.285
4.318,113.327
4.403,113.072
4.487,113.012
4.572,112.886
4.657,112.917
4.741,112.570
4.826,112.539
4.911,112.626
4.995,112.717
5.080,112.586
5.165,112.389
5.249,112.973
5.334,113.023
5.419,113.003
5.503,112.992
5.588,113.492
5.673,113.475
5.757,113.686
5.842,113.774
5.927,113.983
6.011,113.898
6.096,113.833
6.181,113.997
6.265,113.923
6.350,114.215
6.435,114.331
6.519,114.208
6.604,114.474
6.689,114.641
6.773,114.663
6.858,114.676
6.943,114.924
7.027,114.921
7.112,114.829
7.197,114.934
7.281,115.010
7.366,114.946
7.451,114.928
7.535,115.227
7.620,115.259
7.705,115.146
7.789,115.301
7.874,115.242
7.959,115.238
8.043,115.210
8.128,115.282
8.213,115.487
8.297,115.569
8.382,115.424
8.467,115.503
8.551,115.246
8.636,115.225
8.721,115.353
8.805,115.279
8.890,115.374
8.975,115.336
9.059,115.298
9.144,115.204
9.229,114.781
9.313,114.672
9.398,114.989
9.483,114.665
9.567,114.170
9.652,114.738
9.737,115.367
9.821,115.605
9.906,115.544
9.991,115.418
10.075,115.761
10.160,115.810
10.245,115.954
10.329,116.096
10.414,116.128
10.499,116.221
10.583,116.196
10.668,116.187
10.753,116.102
10.837,116.066
10.922,116.177
11.007,116.043
11.091,116.136
11.176,116.138
11.261,116.328
11.345,116.424
11.430,116.639
11.515,116.505
11.599,116.415
11.684,116.431
11.769,116.467
11.853,116.478
11.938,116.456
12.023,116.678
12.107,116.973
12.192,116.970
12.277,117.182
12.361,117.269
12.446,117.535
12.531,117.996
12.615,117.990
12.700,117.950
12.785,117.975
12.869,118.168
12.954,118.314
13.039,118.572
13.123,118.550
13.208,118.963
13.293,118.938
13.377,119.254
13.462,119.467
13.547,119.410
13.631,119.484
13.716,119.956
13.801,120.266
13.885,120.500
13.970,120.526
14.055,120.858
14.139,120.977
14.224,121.315
14.309,121.688
14.393,121.834
14.478,121.986
14.563,122.148
14.647,122.416
14.732,122.886
14.817,123.088
14.901,123.341
14.986,123.291
15.071,123.605
15.155,123.955
15.240,124.231
15.325,124.627
15.409,124.959
15.494,125.034
15.579,125.379
15.663,125.375
15.748,125.512
15.833,125.888
15.917,125.948
16.002,126.058
16.087,126.223
16.171,126.216
16.256,126.250
16.341,126.184
16.425,126.373
16.510,126.523
16.595,126.741
16.679,126.946
16.764,126.703
16.849,126.786
16.933,126.863
17.018,126.818
17.103,127.224
17.187,127.625
17.272,127.599
17.357,127.627
17.441,127.879
17.526,127.966
17.611,128.010
17.695,128.172
17.780,128.460
17.865,128.704
17.949,128.745
18.034,128.900
18.119,129.392
18.203,129.706
18.288,129.870
18.373,130.114
18.457,130.438
18.542,131.019
18.627,131.949
18.711,132.545
18.796,133.183
18.881,134.280
18.965,135.696
19.050,137.272
19.135,138.276
19.219,138.662
19.304,139.806
19.389,139.848
19.473,139.743
19.558,139.877
19.643,140.234
19.727,140.533
19.812,141.698
19.897,143.404
19.981,144.616
20.066,145.213
20.151,144.895
20.235,145.209
20.320,146.037
20.405,147.164
20.489,148.299
20.574,149.815
20.659,150.444
20.743,151.096
20.828,152.320
20.913,153.872
20.997,155.110
21.082,155.683
21.167,155.832
21.251,155.649
21.336,155.448
21.421,155.790
21.505,156.839
21.590,157.414
21.675,158.135
21.759,159.545
21.844,160.102
21.929,160.400
22.013,161.240
22.098,162.968
22.183,165.019
22.267,166.083
22.352,167.493
22.437,168.989
22.521,170.479
22.606,171.029
22.691,172.026
22.775,173.682
22.860,175.566
22.945,178.480
23.029,180.952
23.114,182.413
23.199,183.551
23.283,184.232
23.368,184.978
23.453,185.565
23.537,185.706
23.622,185.638
23.707,185.180
23.791,184.595
23.876,183.781
23.961,183.046
24.045,183.312
24.130,184.756
24.215,185.824
24.299,185.938
24.384,186.166
24.469,186.571
24.553,187.736
24.638,188.799
24.723,188.720
24.807,188.318
24.892,188.111
24.977,188.235
25.061,188.890
25.146,189.128
25.231,189.180
25.315,189.211
25.400,188.647
25.485,188.121
25.569,188.358
25.654,188.359
25.739,188.182
25.823,188.666
25.908,188.932
25.993,189.455
26.077,189.157
26.162,188.693
26.247,189.355
26.331,189.132
26.416,188.947
26.501,189.068
26.585,189.453
26.670,189.842
26.755,190.121
26.839,190.780
26.924,191.069
27.009,191.235
27.093,191.764
27.178,191.630
27.263,191.253
27.347,191.043
27.432,190.703
27.517,190.983
27.601,191.015
27.686,191.186
27.771,191.269
27.855,190.882
27.940,191.184
28.025,191.489
28.109,191.680
28.194,191.617
28.279,191.851
28.363,192.354
28.448,192.804
28.533,193.596
28.617,194.774
28.702,195.617
28.787,195.515
28.871,195.318
28.956,194.874
29.041,194.430
29.125,194.690
29.210,195.353
29.295,196.294
29.379,196.719
29.464,196.669
29.549,196.672
29.633,197.027
29.718,197.161
29.803,196.617
29.887,196.266
29.972,196.225
30.057,196.785
30.141,197.216
30.226,197.488
30.311,198.140
30.395,198.951
30.480,199.781
30.565,200.363
30.649,200.755
30.734,201.133
30.819,201.414
30.903,201.409
30.988,201.693
31.073,201.949
31.157,201.828
31.242,201.689
31.327,201.946
31.411,201.875
31.496,201.879
31.581,201.990
31.665,201.886
31.750,202.090
31.835,202.224
31.919,202.230
32.004,202.481
32.089,202.520
32.173,202.722
32.258,202.801
32.343,202.972
32.427,202.740
32.512,202.854
32.597,203.411
32.681,203.877
32.766,204.240
32.851,204.275
32.935,203.569
33.020,204.045
33.105,204.399
33.189,204.618
33.274,204.974
33.359,205.071
33.443,204.793
33.528,204.505
33.613,204.852
33.697,204.812
33.782,205.040
33.867,205.078
33.951,205.130
34.036,205.052
34.121,205.157
34.205,205.354
34.290,205.353
34.375,205.462
34.459,205.311
34.544,205.263
34.629,205.205
34.713,205.175
34.798,205.178
34.883,205.327
34.967,204.742
35.052,204.830
35.137,204.541
35.221,203.721
35.306,202.338
35.391,200.482
35.475,196.899
35.560,192.482
35.645,188.291
35.729,185.503
35.814,183.770
35.899,182.527
35.983,181.434
36.068,181.046
36.153,181.002
36.237,179.936
36.322,178.057
36.407,176.599
36.491,175.533
36.576,173.878
36.661,172.274
36.745,171.373
36.830,170.557
36.915,170.123
36.999,169.761
37.084,168.404
37.169,167.194
37.253,166.572
37.338,165.692
37.423,165.059
37.507,164.934
37.592,163.631
37.677,161.388
37.761,159.649
37.846,157.942
37.931,157.094
38.015,156.764
38.100,156.899
38.185,157.001
38.269,157.087
38.354,156.838
38.439,155.592
38.523,153.429
38.608,151.198
38.693,149.687
38.777,148.292
38.862,147.203
38.947,146.836
39.031,146.242
39.116,146.107
39.201,144.843
39.285,144.102
39.370,143.821
39.455,143.996
39.539,143.596
39.624,142.874
39.709,142.106
39.793,141.157
39.878,139.909
39.963,138.449
40.047,137.544
40.132,137.088
40.217,136.959
40.301,136.066
40.386,134.916
40.471,134.598
40.555,134.118
40.640,134.033
40.725,134.103
40.809,133.392
40.894,133.016
40.979,132.734
41.063,133.375
41.148,133.932
41.233,134.061
41.317,133.911
41.402,134.027
41.487,134.282
41.571,134.405
41.656,134.189
41.741,134.197
41.825,134.089
41.910,134.238
41.995,134.304
42.079,134.187
42.164,134.362
42.249,134.477
42.333,134.362
42.418,134.379
42.503,134.452
42.587,134.657
42.672,134.523
42.757,134.647
42.841,134.753
42.926,134.670
43.011,134.813
43.095,134.918
43.180,134.738
43.265,134.841
43.349,134.845
43.434,135.049
43.519,134.896
43.603,134.930
43.688,135.222
43.773,135.387
43.857,135.631
43.942,135.513
44.027,135.615
44.111,135.872
44.196,135.988
44.281,136.029
44.365,136.189
44.450,136.275
44.535,136.212
44.619,136.503
44.704,136.645
44.789,136.702
44.873,137.009
44.958,136.860
45.043,136.786
45.127,137.049
45.212,137.206
45.297,137.033
45.381,137.187
45.466,137.215
45.551,137.099
45.635,137.206
45.720,137.207
45.805,137.368
45.889,137.413
45.974,137.581
46.059,137.848
46.143,137.943
46.228,138.337
46.313,138.555
46.397,138.605
46.482,139.010
46.567,139.060
46.651,139.214
46.736,139.174
46.821,139.235
46.905,139.414
46.990,139.614
47.075,139.615
47.159,139.953
47.244,139.978
47.329,139.837
47.413,140.171
47.498,140.269
47.583,140.299
47.667,140.612
47.752,140.727
47.837,140.882
47.921,140.922
48.006,141.326
48.091,141.271
48.175,141.399
48.260,141.612
48.345,141.610
48.429,141.579
48.514,141.657
48.599,141.596
48.683,141.332
48.768,141.108
48.853,141.280
48.937,141.225
49.022,140.990
49.107,141.179
49.191,141.100
49.276,141.152
49.361,141.216
49.445,141.551
49.530,141.538
49.615,141.564
49.699,141.619
49.784,141.756
49.869,141.630
49.953,141.836
50.038,141.707
50.123,141.976
50.207,142.000
50.292,142.010
50.377,142.170
50.461,142.270
50.546,142.419
50.631,142.456
50.715,142.264
50.800,141.980
50.885,141.901
50.969,142.608
51.054,142.684
51.139,142.908
51.223,142.645
51.308,141.751
51.393,141.904
51.477,142.998
51.562,143.266
51.647,143.263
51.731,143.435
51.816,143.660
51.901,143.628
51.985,143.781
52.070,143.628
52.155,143.827
52.239,143.955
52.324,144.066
52.409,144.096
52.493,144.156
52.578,144.174
52.663,144.068
52.747,144.191
52.832,144.167
52.917,144.136
53.001,144.172
53.086,144.202
53.171,144.278
53.255,144.387
53.340,144.649
53.425,144.581
53.509,144.768
53.594,144.996
53.679,145.076
53.763,144.937
53.848,144.778
53.933,144.761
54.017,144.732
54.102,144.939
54.187,145.061
54.271,145.086
54.356,145.190
54.441,145.110
54.525,145.211
54.610,145.311
54.695,145.382
54.779,145.518
54.864,145.444
54.949,145.569
55.033,145.750
55.118,145.898
55.203,146.159
55.287,146.205
55.372,146.367
55.457,146.435
55.541,146.752
55.626,146.842
55.711,146.859
55.795,146.824
55.880,146.979
55.965,147.151
56.049,147.142
56.134,147.153
56.219,147.481
56.303,147.792
56.388,148.009
56.473,148.488
56.557,148.741
56.642,148.795
56.727,148.924
56.811,149.066
56.896,149.074
56.981,149.226
57.065,149.387
57.150,149.527
57.235,149.771
57.319,149.794
57.404,150.019
57.489,150.023
57.573,150.079
57.658,150.250
57.743,150.440
57.827,150.498
57.912,150.501
57.997,150.541
58.081,150.523
58.166,150.293
58.251,150.322
58.335,150.132
58.420,150.120
58.505,150.164
58.589,150.338
58.674,150.664
58.759,150.801
58.843,150.687
58.928,150.729
59.013,150.891
59.097,150.903
59.182,151.032
59.267,151.183
59.351,151.182
59.436,151.262
59.521,151.367
59.605,151.515
59.690,151.515
59.775,151.632
59.859,151.594
59.944,151.357
60.029,151.323
60.113,151.666
60.198,152.117
60.283,152.318
60.367,152.013
60.452,152.249
60.537,152.240
60.621,152.244
60.706,152.239
60.791,152.016
60.875,151.839
60.960,151.834
61.045,151.852
61.129,151.890
61.214,151.915
61.299,152.002
61.383,151.867
61.468,151.839
61.553,151.749
61.637,152.144
61.722,152.059
61.807,152.251
61.891,152.220
61.976,152.207
62.061,152.213
62.145,152.333
62.230,152.129
62.315,148.439
62.399,150.430
62.484,152.937
62.569,153.209
62.653,153.298
62.738,153.411
62.823,153.495
62.907,153.512
62.992,153.574
63.077,153.676
63.161,153.701
63.246,153.791
63.331,153.705
63.415,153.667
63.500,153.815
63.585,153.647
63.669,153.640
63.754,153.984
63.839,153.898
63.923,153.843
64.008,153.863
64.093,153.670
64.177,153.487
64.262,153.666
64.347,153.762
64.431,153.727
64.516,153.849
64.601,153.783
64.685,153.954
64.770,154.134
64.855,154.327
64.939,154.063
65.024,154.003
65.109,154.237
65.193,154.274
65.278,154.788
65.363,154.863
65.447,154.939
65.532,154.193
65.617,154.727
65.701,154.818
65.786,154.853
65.871,155.031
65.955,155.143
66.040,154.966
66.125,154.806
66.209,155.054
66.294,155.201
66.379,155.201
66.463,155.388
66.548,155.300
66.633,155.322
66.717,155.325
66.802,155.409
66.887,155.146
66.971,154.197
67.056,152.514
67.141,152.193
67.225,153.220
67.310,154.324
67.395,155.395
67.479,155.453
67.564,155.672
67.649,155.553
67.733,155.591
67.818,155.746
67.903,155.737
67.987,155.653
68.072,155.829
68.157,155.807
68.241,155.915
68.326,155.916
68.411,155.910
68.495,155.909
68.580,155.798
68.665,155.988
68.749,156.187
68.834,156.241
68.919,156.330
69.003,156.404
69.088,156.416
69.173,156.335
69.257,156.283
69.342,156.473
69.427,156.592
69.511,156.450
69.596,156.402
69.681,156.397
69.765,156.436
69.850,156.456
69.935,156.527
70.019,156.586
70.104,156.593
70.189,156.309
70.273,156.211
70.358,156.451
70.443,156.572
70.527,156.532
70.612,156.487
70.697,156.471
70.781,156.338
70.866,156.376
70.951,156.364
71.035,156.149
71.120,156.102
71.205,156.115
71.289,156.234
71.374,156.182
71.459,156.279
71.543,156.346
71.628,156.550
71.713,156.632
71.797,156.586
71.882,156.719
71.967,156.669
72.051,156.667
72.136,156.689
72.221,156.615
72.305,156.905
72.390,156.774
72.475,156.808
72.559,157.023
72.644,157.098
72.729,157.285
72.813,157.187
72.898,157.165
72.983,157.106
73.067,157.172
73.152,157.441
73.237,157.657
73.321,157.699
73.406,157.780
73.491,157.876
73.575,157.778
73.660,157.665
73.745,157.688
73.829,157.778
73.914,157.802
73.999,157.993
74.083,157.983
74.168,157.967
74.253,157.931
74.337,158.091
74.422,157.973
74.507,158.028
74.591,157.953
74.676,158.111
74.761,158.173
74.845,157.883
74.930,157.902
75.015,158.108
75.099,158.294
75.184,158.469
75.269,158.282
75.353,158.280
75.438,158.353
75.523,158.380
75.607,158.220
75.692,158.387
75.777,158.383
75.861,158.317
75.946,158.300
76.031,158.186
76.115,158.279
76.200,158.415
76.285,158.347
76.369,158.289
76.454,158.256
76.539,158.308
76.623,158.296
76.708,158.375
76.793,158.452
76.877,158.440
76.962,158.514
77.047,158.686
77.131,158.741
77.216,158.753
77.301,158.687
77.385,158.892
77.470,159.047
77.555,159.058
77.639,159.146
77.724,159.047
77.809,159.077
77.893,159.313
77.978,159.393
78.063,159.671
78.147,159.634
78.232,159.816
78.317,159.945
78.401,160.146
78.486,160.331
78.571,160.479
78.655,160.487
78.740,160.668
78.825,160.751
78.909,160.865
78.994,160.935
79.079,160.948
79.163,160.944
79.248,161.327
79.333,161.713
79.417,161.730
79.502,162.039
79.587,162.089
79.671,161.814
79.756,161.879
79.841,162.034
79.925,162.246
80.010,162.439
80.095,162.116
80.179,162.289
80.264,162.760
80.349,162.729
80.433,162.921
80.518,162.965
80.603,163.126
80.687,163.421
80.772,163.603
80.857,163.856
80.941,163.817
81.026,163.802
81.111,163.993
81.195,164.111
81.280,164.024
81.365,164.056
81.449,164.199
81.534,164.282
81.619,164.476
81.703,164.339
81.788,164.600
81.873,164.521
81.957,164.685
82.042,165.022
82.127,165.273
82.211,165.405
82.296,165.474
82.381,165.586
82.465,165.699
82.550,165.601
82.635,165.913
82.719,166.020
82.804,166.018
82.889,165.489
82.973,161.592
83.058,162.791
83.143,165.476
83.227,166.480
83.312,166.595
83.397,166.838
83.481,167.039
83.566,167.230
83.651,167.521
83.735,167.623
83.820,167.929
83.905,167.707
83.989,167.874
84.074,168.071
84.159,168.028
84.243,168.275
84.328,168.560
84.413,168.826
84.497,168.822
84.582,168.809
84.667,168.875
84.751,168.956
84.836,169.059
84.921,169.145
85.005,168.996
85.090,169.138
85.175,169.225
85.259,169.457
85.344,169.571
85.429,169.475
85.513,169.556
85.598,169.780
85.683,169.828
85.767,169.690
85.852,169.812
85.937,169.803
86.021,170.083
86.106,170.182
86.191,170.257
86.275,170.385
86.360,170.439
86.445,170.725
86.529,170.875
86.614,171.163
86.699,171.236
86.783,171.280
86.868,171.407
86.953,171.319
87.037,171.686
87.122,171.762
87.207,171.604
87.291,171.974
87.376,172.000
87.461,172.000
87.545,172.033
87.630,172.032
87.715,172.042
87.799,172.148
87.884,172.143
87.969,172.002
88.053,172.001
88.138,172.117
88.223,172.361
88.307,172.369
88.392,172.281
88.477,172.362
88.561,172.466
88.646,172.418
88.731,172.594
88.815,172.673
88.900,172.731
88.985,172.841
89.069,172.939
89.154,173.062
89.239,173.169
89.323,173.221
89.408,173.394
89.493,173.482
89.577,173.711
89.662,173.678
89.747,174.105
89.831,174.020
89.916,174.379
90.001,174.387
90.085,174.573
90.170,174.719
90.255,174.683
90.339,174.702
90.424,174.925
90.509,174.954
90.593,174.953
90.678,174.924
90.763,175.045
90.847,175.098
90.932,175.452
91.017,175.359
91.101,175.545
91.186,175.777
91.271,175.951
91.355,176.253
91.440,176.474
91.525,176.573
91.609,176.588
91.694,176.392
91.779,176.734
91.863,177.025
91.948,177.271
92.033,177.268
92.117,177.443
92.202,177.602
92.287,177.846
92.371,177.989
92.456,178.186
92.541,178.162
92.625,178.296
92.710,178.468
92.795,178.731
92.879,178.979
92.964,179.165
93.049,179.258
93.133,179.545
93.218,179.807
93.303,180.054
93.387,180.053
93.472,180.230
93.557,180.264
93.641,180.120
93.726,180.421
93.811,180.569
93.895,180.811
93.980,180.991
94.065,181.000
94.149,181.000
94.234,181.000
94.319,181.000
94.403,181.000
94.488,181.000
94.573,181.013
94.657,181.127
94.742,181.183
94.827,181.339
94.911,181.182
94.996,181.182
95.081,181.217
95.165,181.427
95.250,181.517
95.335,181.696
95.419,181.555
95.504,181.550
95.589,181.737
95.673,181.951
95.758,182.284
95.843,182.319
95.927,182.252
96.012,182.491
96.097,182.582
96.181,182.467
96.266,182.799
96.351,182.932
96.435,182.833
96.520,182.894
96.605,183.004
96.689,183.139
96.774,183.289
96.859,183.389
96.943,183.435
97.028,184.027
97.113,184.192
97.197,184.047
97.282,184.126
97.367,184.193
97.451,184.460
97.536,184.557
97.621,184.924
97.705,184.951
97.790,185.102
97.875,185.304
97.959,185.355
98.044,185.691
98.129,185.881
98.213,185.847
98.298,186.069
98.383,186.058
98.467,185.974
98.552,185.944
98.637,185.998
98.721,186.490
98.806,186.744
98.891,187.217
98.975,187.252
99.060,187.437
99.145,187.405
99.229,187.719
99.314,187.908
99.399,187.929
99.483,187.983
99.568,187.962
99.653,188.009
99.737,188.193
99.822,188.166
99.907,188.069
99.991,188.222
100.076,188.476
100.161,188.572
100.245,188.780
100.330,189.080
100.415,189.129
100.499,189.152
100.584,189.047
100.669,188.992
100.753,188.622
100.838,188.246
100.923,187.752
101.007,187.219
101.092,186.659
101.177,185.549
101.261,184.205
101.346,182.844
101.431,181.507
101.515,180.819
101.600,180.627
101.685,180.373
101.769,180.414
101.854,180.728
101.939,180.880
102.023,181.062
102.108,181.839
102.193,183.141
102.277,184.404
102.362,185.831
102.447,186.862
102.531,187.470
102.616,187.824
102.701,188.116
102.785,188.292
102.870,188.435
102.955,188.743
103.039,189.109
103.124,189.644
103.209,189.880
103.293,190.259
103.378,190.525
103.463,191.149
103.547,191.673
103.632,192.034
103.717,192.631
103.801,193.266
103.886,193.669
103.971,193.969
104.055,194.193
104.140,194.547
104.225,194.866
104.309,194.992
104.394,195.249
104.479,195.686
104.563,195.927
104.648,196.393
104.733,196.533
104.817,196.671
104.902,197.178
104.987,197.826
105.071,198.145
105.156,198.269
105.241,198.532
105.325,198.782
105.410,199.187
105.495,199.462
105.579,199.631
105.664,199.824
105.749,200.045
105.833,200.272
105.918,200.350
106.003,200.670
106.087,200.845
106.172,201.283
106.257,201.641
106.341,201.817
106.426,201.906
106.511,202.209
106.595,202.829
106.680,202.916
106.765,203.095
106.849,203.169
106.934,203.341
107.019,203.688
107.103,203.923
107.188,204.162
107.273,204.524
107.357,204.704
107.442,204.986
107.527,204.877
107.611,205.277
107.696,205.813
107.781,206.058
107.865,206.147
107.950,206.111
108.035,206.298
108.119,206.773
108.204,206.751
108.289,207.056
108.373,207.208
108.458,207.335
108.543,207.540
108.627,207.526
108.712,207.669
108.797,208.096
108.881,208.357
108.966,208.450
109.051,208.922
109.135,209.124
109.220,209.623
109.305,209.835
109.389,209.921
109.474,209.836
109.559,209.977
109.643,210.334
109.728,210.640
109.813,210.801
109.897,211.001
109.982,211.152
110.067,211.498
110.151,211.723
110.236,212.047
110.321,212.295
110.405,212.196
110.490,212.215
110.575,212.343
110.659,212.407
110.744,212.755
110.829,212.943
110.913,213.067
110.998,212.747
111.083,212.351
111.167,211.562
111.252,210.236
111.337,207.603
111.421,203.445
111.506,198.286
111.591,192.869
111.675,189.242
111.760,188.444
111.845,189.082
111.929,190.184
112.014,189.981
112.099,189.034
112.183,188.105
112.268,187.409
112.353,186.564
112.437,186.117
112.522,186.586
112.607,187.448
112.691,188.772
112.776,191.764
112.861,194.807
112.945,198.260
113.030,200.583
113.115,204.587
113.199,211.111
113.284,217.877
113.369,223.740
113.453,227.116
113.538,229.287
113.623,230.126
113.707,230.471
113.792,230.416
113.877,230.427
113.961,230.596
114.046,230.643
114.131,230.455
114.215,230.209
114.300,229.456
114.385,230.190
114.469,230.128
114.554,230.096
114.639,230.172
114.723,230.189
114.808,230.261
114.893,230.303
114.977,230.377
115.062,230.513
115.147,230.496
115.231,230.566
115.316,230.550
115.401,230.526
115.485,230.471
115.570,230.404
115.655,230.466
115.739,230.469
115.824,230.766
115.909,230.560
115.993,230.331
116.078,230.150
116.163,230.145
116.247,230.044
116.332,230.126
116.417,230.182
116.501,230.398
116.586,230.468
116.671,230.322
116.755,230.384
116.840,229.989
116.925,229.443
117.009,230.672
117.094,230.728
117.179,230.387
117.263,230.470
117.348,230.445
117.433,230.653
117.517,230.637
117.602,230.659
117.687,230.732
117.771,230.811
117.856,230.800
117.941,230.852
118.025,230.805
118.110,230.569
118.195,230.505
118.279,230.582
118.364,230.482
118.449,230.445
118.533,230.453
118.618,230.442
118.703,230.518
118.787,230.650
118.872,230.884
118.957,230.776
119.041,230.598
119.126,230.710
119.211,230.449
119.295,230.711
119.380,230.827
119.465,230.875
119.549,230.691
119.634,230.820
119.719,231.026
119.803,230.916
119.888,230.864
119.973,231.034
120.057,231.046
120.142,230.860
120.227,230.879
120.311,230.722
120.396,230.782
120.481,230.806
120.565,230.769
120.650,231.027
120.735,230.957
120.819,230.958
120.904,230.874
120.989,230.806
121.073,230.824
121.158,230.935
121.243,231.186
121.327,231.221
121.412,231.089
121.497,231.026
121.581,230.907
121.666,230.857
121.751,230.805
121.835,230.821
121.920,230.635
122.005,230.478
122.089,230.674
122.174,230.711
122.259,230.839
122.343,231.032
122.428,231.264
122.513,231.189
122.597,231.167
122.682,231.176
122.767,231.068
122.851,230.806
122.936,230.575
123.021,230.651
123.105,230.596
123.190,230.682
123.275,230.866
123.359,230.871
123.444,231.068
123.529,231.201
123.613,231.095
123.698,230.996
123.783,230.793
123.867,230.721
123.952,230.609
124.037,230.518
124.121,230.434
124.206,230.583
124.291,230.506
124.375,230.648
124.460,230.503
124.545,230.287
124.629,230.216
124.714,230.260
124.799,230.047
124.883,230.156
124.968,230.227
125.053,230.468
125.137,230.468
125.222,230.642
125.307,230.636
125.391,230.938
125.476,230.675
125.561,230.560
125.645,230.395
125.730,230.482
125.815,230.637
125.899,230.731
125.984,230.628
126.069,230.679
126.153,230.909
126.238,231.117
126.323,231.027
126.407,231.120
126.492,231.224
126.577,231.369
126.661,231.407
126.746,231.213
126.831,231.232
126.915,231.087
127.000,231.132
127.085,231.469
127.169,231.665
127.254,231.700
127.339,231.771
127.423,231.662
127.508,231.732
127.593,231.695
127.677,231.591
127.762,231.770
127.847,231.650
127.931,231.595
128.016,231.587
128.101,231.721
128.185,231.735
128.270,231.910
128.355,231.859
128.439,231.673
128.524,231.648
128.609,231.769
128.693,231.696
128.778,231.741
128.863,231.829
128.947,232.000
129.032,232.085
129.117,232.091
129.201,232.144
129.286,232.054
129.371,232.075
129.455,232.051
129.540,232.073
129.625,231.984
129.709,231.847
129.794,231.984
129.879,231.858
129.963,231.885
130.048,231.781
130.133,231.997
130.217,231.930
130.302,231.391
130.387,231.357
130.471,231.180
130.556,231.108
130.641,230.935
130.725,231.075
130.810,231.238
130.895,231.494
130.979,231.631
131.064,231.762
131.149,231.717
131.233,231.799
131.318,231.725
131.403,231.761
131.487,231.678
131.572,231.852
131.657,231.802
131.741,231.864
131.826,231.956
131.911,231.969
131.995,232.026
132.080,232.134
132.165,232.196
132.249,232.112
132.334,232.114
132.419,232.071
132.503,231.935
132.588,231.928
132.673,231.975
132.757,231.897
132.842,231.827
132.927,231.652
133.011,231.773
133.096,231.752
133.181,231.762
133.265,231.775
133.350,231.812
133.435,231.898
133.519,231.872
133.604,231.699
133.689,231.823
133.773,231.690
133.858,231.623
133.943,231.852
