X,Y
0.00000,160.4997
0.00333,160.7002
0.00667,160.6941
0.01000,160.7936
0.01333,160.9421
0.01667,161.0360
0.02000,161.0974
0.02333,161.1789
0.02667,161.2280
0.03000,161.1669
0.03333,161.3101
0.03667,161.4973
0.04000,161.5882
0.04333,161.5333
0.04667,161.6055
0.05000,161.7203
0.05333,161.6332
0.05667,161.7116
0.06000,161.8004
0.06333,161.9256
0.06667,162.0084
0.07000,162.0996
0.07333,162.0561
0.07667,162.1417
0.08000,162.2707
0.08333,162.4249
0.08667,162.5435
0.09000,162.8372
0.09333,162.8815
0.09667,163.0703
0.10000,163.2098
0.10333,163.2386
0.10667,163.3008
0.11000,163.3968
0.11333,163.5028
0.11667,163.6103
0.12000,163.7081
0.12333,163.9480
0.12667,163.9464
0.13000,164.0363
0.13333,164.1466
0.13667,164.2612
0.14000,164.2540
0.14333,164.4230
0.14667,164.4350
0.15000,164.6938
0.15333,164.8143
0.15667,164.9475
0.16000,165.1310
0.16333,165.1810
0.16667,165.2834
0.17000,165.3937
0.17333,165.4689
0.17667,165.6137
0.18000,165.8868
0.18333,166.2456
0.18667,166.6751
0.19000,166.7270
0.19333,166.8589
0.19667,167.0690
0.20000,167.4525
0.20333,167.6267
0.20667,167.8181
0.21000,167.9668
0.21333,168.0803
0.21667,168.1867
0.22000,168.2963
0.22333,168.6596
0.22667,168.9781
0.23000,169.1473
0.23333,169.1267
0.23667,169.2543
0.24000,169.3064
0.24333,169.3564
0.24667,169.4189
0.25000,169.3853
0.25333,169.3520
0.25667,169.5439
0.26000,169.8378
0.26333,170.0549
0.26667,170.2450
0.27000,170.5895
0.27333,170.9907
0.27667,171.2270
0.28000,171.5384
0.28333,171.7812
0.28667,171.8853
0.29000,171.9055
0.29333,171.9190
0.29667,171.9739
0.30000,172.0530
0.30333,172.1137
0.30667,172.1067
0.31000,172.1258
0.31333,172.1925
0.31667,172.2987
0.32000,172.3556
0.32333,172.3660
0.32667,172.4037
0.33000,172.5184
0.33333,172.5456
0.33667,172.6141
0.34000,172.7366
0.34333,172.8977
0.34667,173.0794
0.35000,173.2549
0.35333,173.4420
0.35667,173.7899
0.36000,173.8998
0.36333,174.1759
0.36667,174.3159
0.37000,174.5159
0.37333,174.8820
0.37667,175.1758
0.38000,175.4367
0.38333,175.6572
0.38667,175.8585
0.39000,176.0288
0.39333,176.1050
0.39667,176.2854
0.40000,176.2862
0.40333,176.4750
0.40667,176.7210
0.41000,176.9143
0.41333,177.0336
0.41667,177.3420
0.42000,177.5736
0.42333,177.8185
0.42667,178.0697
0.43000,178.3253
0.43333,178.5676
0.43667,178.8430
0.44000,178.9037
0.44333,179.1298
0.44667,179.4859
0.45000,179.6642
0.45333,179.8905
0.45667,180.0975
0.46000,180.1658
0.46333,180.3167
0.46667,180.4569
0.47000,180.5887
0.47333,180.7050
0.47667,180.7491
0.48000,180.9249
0.48333,181.1582
0.48667,181.3942
0.49000,181.7039
0.49333,181.9546
0.49667,182.2135
0.50000,182.4600
0.50333,182.7559
0.50667,182.8680
0.51000,182.8937
0.51333,183.1079
0.51667,183.1259
0.52000,183.3223
0.52333,183.4150
0.52667,183.4822
0.53000,183.4965
0.53333,183.5947
0.53667,183.8747
0.54000,184.2151
0.54333,184.3344
0.54667,184.5879
0.55000,184.8442
0.55333,185.1893
0.55667,185.4627
0.56000,185.7490
0.56333,185.9756
0.56667,186.2416
0.57000,186.6219
0.57333,186.9910
0.57667,187.3801
0.58000,187.6006
0.58333,187.8187
0.58667,188.1592
0.59000,188.3982
0.59333,188.6550
0.59667,188.9340
0.60000,189.1591
0.60333,189.5260
0.60667,189.9787
0.61000,190.2847
0.61333,190.6453
0.61667,191.1132
0.62000,191.6659
0.62333,191.9213
0.62667,192.4363
0.63000,192.9772
0.63333,193.5134
0.63667,193.7272
0.64000,193.9505
0.64333,194.1517
0.64667,194.3651
0.65000,194.6766
0.65333,194.9570
0.65667,195.3015
0.66000,195.6435
0.66333,195.8321
0.66667,196.1626
0.67000,196.5168
0.67333,196.8500
0.67667,197.2682
0.68000,197.6757
0.68333,198.1182
0.68667,198.5137
0.69000,198.7211
0.69333,198.8928
0.69667,198.9232
0.70000,199.0709
0.70333,199.2739
0.70667,199.6214
0.71000,200.0132
0.71333,200.2104
0.71667,200.5930
0.72000,200.9053
0.72333,201.3521
0.72667,201.7924
0.73000,202.2085
0.73333,202.5901
0.73667,202.6860
0.74000,202.8934
0.74333,203.0667
0.74667,203.2718
0.75000,203.3607
0.75333,203.6769
0.75667,204.0917
0.76000,204.4352
0.76333,204.6080
0.76667,205.0327
0.77000,205.6608
0.77333,206.1316
0.77667,206.3766
0.78000,206.1927
0.78333,206.4266
0.78667,207.0454
0.79000,207.2585
0.79333,207.4432
0.79667,207.6278
0.80000,207.8565
0.80333,208.1800
0.80667,208.5621
0.81000,208.8888
0.81333,209.0146
0.81667,209.3815
0.82000,209.6890
0.82333,210.0211
0.82667,210.0935
0.83000,210.4572
0.83333,210.5756
0.83667,210.6501
0.84000,210.6934
0.84333,210.8342
0.84667,210.8163
0.85000,210.7254
0.85333,210.7558
0.85667,210.7950
0.86000,210.8402
0.86333,210.8389
0.86667,210.9622
0.87000,211.0339
0.87333,211.4838
0.87667,211.8670
0.88000,212.3500
0.88333,212.7002
0.88667,212.9757
0.89000,213.1581
0.89333,213.4606
0.89667,213.6369
0.90000,213.7365
0.90333,213.7649
0.90667,213.7964
0.91000,213.8855
0.91333,213.9597
0.91667,214.1268
0.92000,214.3348
0.92333,214.6007
0.92667,214.9213
0.93000,215.1279
0.93333,215.1356
0.93667,215.3334
0.94000,215.3538
0.94333,215.1668
0.94667,214.9933
0.95000,214.7935
0.95333,214.3570
0.95667,213.5828
0.96000,212.7262
0.96333,211.3592
0.96667,209.9610
0.97000,208.5134
0.97333,207.0431
0.97667,205.5491
0.98000,204.0691
0.98333,202.7525
0.98667,201.4748
0.99000,200.2057
0.99333,199.3768
0.99667,199.1199
1.00000,199.5320
1.00333,200.3693
1.00667,201.7071
1.01000,203.2368
1.01333,204.6471
1.01667,205.8564
1.02000,208.0178
1.02333,211.0603
1.02667,215.0073
1.03000,219.3555
1.03333,223.2242
1.03667,226.0424
1.04000,227.9304
1.04333,229.0571
1.04667,229.7398
1.05000,229.9004
1.05333,229.9043
1.05667,229.8277
1.06000,229.9239
1.06333,229.9509
1.06667,229.9517
1.07000,229.8860
1.07333,229.9148
1.07667,229.9447
1.08000,229.8982
1.08333,229.9581
1.08667,229.9237
1.09000,229.8456
1.09333,229.9126
1.09667,229.9633
1.10000,229.9296
1.10333,229.9473
1.10667,229.9070
1.11000,229.9671
1.11333,229.9208
1.11667,229.9151
1.12000,229.9061
1.12333,229.9523
1.12667,229.9222
1.13000,229.8383
1.13333,229.9075
1.13667,229.9551
1.14000,229.8571
1.14333,229.8966
1.14667,229.9664
1.15000,229.9132
1.15333,229.9472
1.15667,229.8918
1.16000,229.9193
1.16333,229.9108
1.16667,229.9392
1.17000,229.9428
1.17333,229.9353
1.17667,229.9378
1.18000,229.9648
1.18333,229.9576
1.18667,229.9396
1.19000,229.9493
1.19333,229.9471
1.19667,229.8849
1.20000,229.9147
1.20333,229.9383
1.20667,229.9736
1.21000,229.9333
1.21333,229.9394
1.21667,229.9729
1.22000,229.9765
1.22333,229.9399
1.22667,229.9596
1.23000,229.9798
1.23333,229.9465
1.23667,229.9244
1.24000,229.9505
1.24333,229.9854
1.24667,229.9518
1.25000,229.9779
1.25333,230.0298
1.25667,229.9778
1.26000,229.9570
1.26333,229.9502
1.26667,229.9535
1.27000,230.0324
1.27333,230.0175
1.27667,229.9999
1.28000,229.9780
1.28333,230.0029
1.28667,230.0059
1.29000,229.9943
1.29333,229.9987
1.29667,230.0453
1.30000,230.0072
1.30333,230.0018
1.30667,230.0338
1.31000,229.9979
1.31333,229.9860
1.31667,230.0303
1.32000,230.0202
1.32333,229.9023
1.32667,229.7327
1.33000,229.6858
1.33333,229.7290
1.33667,229.6759
1.34000,229.7704
1.34333,229.8911
1.34667,229.9527
1.35000,229.9807
1.35333,230.0612
1.35667,229.9971
1.36000,229.9748
1.36333,229.9743
1.36667,229.8904
1.37000,229.9412
1.37333,229.9970
1.37667,230.0220
1.38000,230.0592
1.38333,230.1112
1.38667,230.0209
1.39000,230.0520
1.39333,230.0683
1.39667,230.0768
1.40000,230.0474
1.40333,230.0840
1.40667,230.1101
1.41000,230.0022
1.41333,230.0160
1.41667,230.0173
1.42000,230.0328
1.42333,230.0267
1.42667,230.0246
1.43000,230.0263
1.43333,230.0303
1.43667,230.0923
1.44000,230.0268
1.44333,230.0217
1.44667,230.0682
1.45000,229.9799
1.45333,230.0028
1.45667,229.9474
1.46000,229.9637
1.46333,229.9754
1.46667,230.0110
1.47000,230.0029
1.47333,230.0003
1.47667,229.9477
1.48000,229.9535
1.48333,229.9393
1.48667,229.8503
1.49000,229.8630
1.49333,229.9625
1.49667,229.9380
1.50000,229.8902
1.50333,229.9552
1.50667,229.9650
1.51000,229.8839
1.51333,229.8919
1.51667,229.9241
1.52000,229.8959
1.52333,229.8171
1.52667,229.8652
1.53000,229.7440
1.53333,229.8179
1.53667,229.8438
1.54000,229.7805
1.54333,229.6579
1.54667,229.7775
1.55000,229.6940
1.55333,229.7128
1.55667,229.8359
1.56000,229.7527
1.56333,229.7827
1.56667,229.7227
1.57000,229.7141
1.57333,229.7447
1.57667,229.7871
1.58000,229.7110
1.58333,229.6057
1.58667,229.6698
1.59000,229.6726
1.59333,229.5413
1.59667,229.7108
1.60000,229.6703
1.60333,229.5073
1.60667,229.5471
1.61000,229.5884
1.61333,229.5208
1.61667,229.5289
1.62000,229.6351
1.62333,229.5045
1.62667,229.4843
1.63000,229.5447
1.63333,229.4527
1.63667,229.3582
1.64000,229.4998
1.64333,229.4978
1.64667,229.4393
1.65000,229.5154
1.65333,229.4186
1.65667,229.4854
1.66000,229.4330
1.66333,229.4329
1.66667,229.5262
1.67000,229.4908
1.67333,229.5054
1.67667,229.4872
1.68000,229.4806
1.68333,229.4714
1.68667,229.4493
1.69000,229.4820
1.69333,229.4897
1.69667,229.4045
1.70000,229.3845
1.70333,229.3439
1.70667,229.2920
1.71000,229.2260
1.71333,229.2671
1.71667,229.1606
1.72000,229.1099
1.72333,229.2910
1.72667,229.3211
1.73000,229.2849
1.73333,229.3479
1.73667,229.1684
1.74000,228.9452
1.74333,229.0197
1.74667,229.0558
1.75000,228.8946
1.75333,228.9080
1.75667,228.7997
1.76000,228.8152
1.76333,228.9001
1.76667,228.7368
1.77000,228.7752
1.77333,228.6743
1.77667,228.6347
1.78000,228.4988
1.78333,228.5057
1.78667,228.4351
1.79000,228.3994
1.79333,228.3712
1.79667,228.2590
1.80000,228.0607
1.80333,228.0291
1.80667,227.9175
1.81000,228.0141
1.81333,227.9148
1.81667,227.7852
1.82000,227.7191
1.82333,227.6333
1.82667,227.5336
1.83000,227.6004
1.83333,227.4510
1.83667,227.3975
1.84000,227.2521
1.84333,227.2705
1.84667,227.2399
1.85000,227.2515
1.85333,227.2528
1.85667,227.1118
1.86000,227.0743
1.86333,227.0503
1.86667,227.0486
1.87000,226.9726
1.87333,226.9232
1.87667,226.8389
1.88000,226.8709
1.88333,226.9034
1.88667,226.9034
1.89000,226.8418
1.89333,226.6954
1.89667,226.7070
1.90000,226.6645
1.90333,226.6586
1.90667,226.5960
1.91000,226.5319
1.91333,226.4753
1.91667,226.4102
1.92000,226.3413
1.92333,225.8923
1.92667,225.9475
1.93000,225.8322
1.93333,225.8578
1.93667,225.9129
1.94000,225.7010
1.94333,225.5843
1.94667,225.4707
1.95000,225.3913
1.95333,225.1467
1.95667,225.0264
1.96000,224.9125
1.96333,224.7935
1.96667,224.6305
1.97000,224.5439
1.97333,224.3010
1.97667,224.0421
1.98000,223.8274
1.98333,223.5401
1.98667,223.3671
1.99000,223.1768
1.99333,222.9952
1.99667,222.7579
